-- Insert 30 employees, first 10 are managers (SUID = NULL)
INSERT INTO Employee (first_name, last_name, phone_number, date_of_birth, SUID)
VALUES
('John', 'Doe', '555-1235', '1980-02-15', 1),
('Jane', 'Smith', '555-5678', '1990-03-20', 2),
('Alice', 'Johnson', '555-6789', '1985-08-10', 3),
('Bob', 'Brown', '555-2345', '1995-12-01', 4),
('Charlie', 'Davis', '555-3456', '1988-07-22', 5),
('David', 'Martinez', '555-4567', '1992-04-18', 6),
('Eva', 'Gonzalez', '555-5670', '1993-06-30', 7),
('Frank', 'Wilson', '555-6780', '1987-09-10', 8),
('Grace', 'Moore', '555-7890', '1991-05-15', 9),
('Henry', 'Taylor', '555-8901', '1994-02-28', 10),
('Isabelle', 'Anderson', '555-9012', '1996-01-10', 1),
('Jack', 'Thomas', '555-1123', '1983-03-14', 1),
('Kelly', 'Jackson', '555-2234', '1989-11-04', 2),
('Liam', 'White', '555-3345', '1984-06-17', 2),
('Mona', 'Lewis', '555-4456', '1997-10-05', 3),
('Nina', 'Lee', '555-5567', '1982-12-30', 3),
('Oscar', 'Harris', '555-6678', '1990-04-23', 4),
('Paul', 'Clark', '555-7789', '1986-09-11', 4),
('Quincy', 'Walker', '555-8890', '1991-11-12', 5),
('Rachel', 'Allen', '555-9901', '1992-05-01', 5),
('Sam', 'Young', '555-1012', '1995-07-22', 6),
('Tina', 'King', '555-2123', '1980-01-13', 6),
('Uma', 'Scott', '555-3234', '1993-10-09', 7),
('Vera', 'Adams', '555-4345', '1988-02-17', 7),
('William', 'Nelson', '555-5456', '1997-12-25', 8),
('Xena', 'Carter', '555-6567', '1990-04-06', 8),
('Yara', 'Mitchell', '555-7678', '1984-08-14', 9),
('Yara', 'Mitchell', '555-6493', '1984-08-14', 9),
('Robert', 'Williams', '768-8581', '1976-05-22', 10),
('Jack', 'White', '392-8754', '1990-11-11', 10);

-- Insert 10 sections
INSERT INTO Section (SUID, genre)
VALUES
(1, 'Science Fiction'),
(2, 'Fantasy'),
(3, 'Mystery'),
(4, 'Romance'),
(5, 'Thriller'),
(6, 'Historical Fiction'),
(7, 'Horror'),
(8, 'Non-fiction'),
(9, 'Young Adult'),
(10, 'Childrens Literature');

-- Insert 30 customers
INSERT INTO Customer (EID, total)
VALUES
(11, 250.50),
(12, 130.75),
(13, 200.00),
(14, 320.40),
(15, 150.60),
(16, 275.25),
(17, 190.30),
(18, 225.10),
(19, 120.00),
(20, 350.80),
(11, 280.95),
(12, 110.45),
(13, 300.20),
(14, 150.00),
(15, 400.00),
(16, 275.00),
(17, 350.50),
(18, 210.70),
(19, 420.30),
(20, 140.60),
(11, 280.90),
(12, 175.00),
(13, 300.80),
(14, 260.40),
(15, 215.50),
(16, 310.20),
(17, 180.60),
(18, 275.40),
(19, 250.75),
(20, 320.00);


-- Insert 20 authors
INSERT INTO Author (first_name, last_name, SID)
VALUES
('George', 'Orwell', 1),
('J.K.', 'Rowling', 2),
('Isaac', 'Asimov', 3),
('J.R.R.', 'Tolkien', 4),
('Nelson', 'Mandela', 5),
('Agatha', 'Christie', 6),
('Dan', 'Brown', 7),
('Nicholas', 'Sparks', 8),
('Stephen', 'King', 9),
('Herman', 'Melville', 10),
('Arthur', 'Conan Doyle', 1),
('Raymond', 'Chandler', 2),
('Margaret', 'Atwood', 3),
('Terry', 'Pratchett', 4),
('Daphne', 'Du Maurier', 5),
('Kathy', 'Reichs', 6),
('Paulo', 'Coelho', 7),
('Jane', 'Austen', 8),
('E. L.', 'James', 9),
('John', 'Grisham', 10);

-- Insert 40 books with matching ISBNs
INSERT INTO Book (ISBN, AID, title, price, number_of_copies)
VALUES
('9780451524936', 1, '1984', 9.99, 3),
('9780747532744', 2, 'Harry Potter and the Philosophers Stone', 15.99, 5),
('9780385121676', 3, 'Foundation', 14.99, 2),
('9780618640158', 4, 'The Lord of the Rings', 20.99, 6),
('9783729506839', 5, 'Mandela', 21.99, 2),
('9780007119312', 6, 'Murder on the Orient Express', 12.99, 7),
('9780385504202', 7, 'The Da Vinci Code', 18.99, 10),
('9781451678198', 8, 'The Notebook', 10.99, 8),
('9781853260088', 9, 'Moby-Dick', 16.50, 5),
('9781501142971', 10, 'It', 22.00, 9),
('9780061122416', 11, 'To Kill a Mockingbird', 14.99, 7),
('9780452295293', 12, 'The Handmaids Tale', 17.99, 6),
('9780316769489', 13, 'Catcher in the Rye', 10.00, 8),
('9780140283335', 14, 'The Great Gatsby', 12.99, 5),
('9780316339755', 15, 'The Hunger Games', 18.00, 4),
('9781250037794', 16, 'Fifty Shades of Grey', 15.00, 10),
('9780140177399', 17, 'Pride and Prejudice', 9.99, 3),
('9780679600437', 18, 'Brave New World', 14.00, 6),
('9780393327343', 19, 'The Catcher in the Rye', 13.99, 8),
('9780385752112', 20, 'The Fault in Our Stars', 13.50, 7),
('9780679601748', 1, 'Frankenstein', 11.99, 4),
('9781501128036', 2, 'The Girl on the Train', 15.99, 5),
('9780385490819', 3, 'The Shining', 20.00, 6),
('9780439023529', 4, 'Mockingjay', 18.50, 5),
('9780399171945', 5, 'The Silent Patient', 16.99, 4),
('9781447275558', 6, '1917', 9.99, 8),
('9781406393192', 7, 'Charlottes Web', 7.99, 5),
('9781451696574', 8, 'The Outsiders', 12.00, 6),
('9780679735093', 9, 'Beloved', 14.99, 7),
('9780451531369', 10, 'Brave New World', 11.99, 4),
('9780670060929', 11, 'Pride and Prejudice', 13.99, 3),
('9780345803515', 12, 'The Road', 16.50, 5),
('9780393249306', 13, 'The Goldfinch', 17.00, 6),
('9780143126569', 14, 'Life After Life', 19.99, 9),
('9780199650726', 15, 'Sapiens', 24.00, 10),
('9780393071548', 16, 'Outliers', 21.50, 7),
('9780307389648', 17, 'The Tipping Point', 18.00, 5),
('9780316235456', 18, 'Thinking, Fast and Slow', 22.50, 4),
('9780226336772', 19, 'The Righteous Mind', 16.00, 6),
('9780399169159', 20, 'The Immortalists', 20.50, 3);

-- Insert book copies with unique library_book_id for each ISBN
INSERT INTO Book_Copy (ISBN, library_book_id)
VALUES
-- For ISBN 9780451524936 (3 copies)
('9780451524936', 1),
('9780451524936', 2),
('9780451524936', 3),

-- For ISBN 9780747532744 (5 copies)
('9780747532744', 1),
('9780747532744', 2),
('9780747532744', 3),
('9780747532744', 4),
('9780747532744', 5),

-- For ISBN 9780385121676 (2 copies)
('9780385121676', 1),
('9780385121676', 2),

-- For ISBN 9780618640158 (6 copies)
('9780618640158', 1),
('9780618640158', 2),
('9780618640158', 3),
('9780618640158', 4),
('9780618640158', 5),
('9780618640158', 6),

-- For ISBN 9780007119312 (7 copies)
('9780007119312', 1),
('9780007119312', 2),
('9780007119312', 3),
('9780007119312', 4),
('9780007119312', 5),
('9780007119312', 6),
('9780007119312', 7),

-- For ISBN 9780385504202 (10 copies)
('9780385504202', 1),
('9780385504202', 2),
('9780385504202', 3),
('9780385504202', 4),
('9780385504202', 5),
('9780385504202', 6),
('9780385504202', 7),
('9780385504202', 8),
('9780385504202', 9),
('9780385504202', 10),

-- For ISBN 9781451678198 (8 copies)
('9781451678198', 1),
('9781451678198', 2),
('9781451678198', 3),
('9781451678198', 4),
('9781451678198', 5),
('9781451678198', 6),
('9781451678198', 7),
('9781451678198', 8),

-- For ISBN 9781853260088 (5 copies)
('9781853260088', 1),
('9781853260088', 2),
('9781853260088', 3),
('9781853260088', 4),
('9781853260088', 5),

-- For ISBN 9781501142971 (9 copies)
('9781501142971', 1),
('9781501142971', 2),
('9781501142971', 3),
('9781501142971', 4),
('9781501142971', 5),
('9781501142971', 6),
('9781501142971', 7),
('9781501142971', 8),
('9781501142971', 9),

-- For ISBN 9780061122416 (7 copies)
('9780061122416', 1),
('9780061122416', 2),
('9780061122416', 3),
('9780061122416', 4),
('9780061122416', 5),
('9780061122416', 6),
('9780061122416', 7),

-- For ISBN 9780452295293 (6 copies)
('9780452295293', 1),
('9780452295293', 2),
('9780452295293', 3),
('9780452295293', 4),
('9780452295293', 5),
('9780452295293', 6),

-- For ISBN 9780316769489 (8 copies)
('9780316769489', 1),
('9780316769489', 2),
('9780316769489', 3),
('9780316769489', 4),
('9780316769489', 5),
('9780316769489', 6),
('9780316769489', 7),
('9780316769489', 8),

-- For ISBN 9780140283335 (5 copies)
('9780140283335', 1),
('9780140283335', 2),
('9780140283335', 3),
('9780140283335', 4),
('9780140283335', 5),

-- For ISBN 9780316339755 (4 copies)
('9780316339755', 1),
('9780316339755', 2),
('9780316339755', 3),
('9780316339755', 4),

-- For ISBN 9781250037794 (10 copies)
('9781250037794', 1),
('9781250037794', 2),
('9781250037794', 3),
('9781250037794', 4),
('9781250037794', 5),
('9781250037794', 6),
('9781250037794', 7),
('9781250037794', 8),
('9781250037794', 9),
('9781250037794', 10),

-- For ISBN 9780140177399 (3 copies)
('9780140177399', 1),
('9780140177399', 2),
('9780140177399', 3),

-- For ISBN 9780679600437 (6 copies)
('9780679600437', 1),
('9780679600437', 2),
('9780679600437', 3),
('9780679600437', 4),
('9780679600437', 5),
('9780679600437', 6),

-- For ISBN 9780393327343 (8 copies)
('9780393327343', 1),
('9780393327343', 2),
('9780393327343', 3),
('9780393327343', 4),
('9780393327343', 5),
('9780393327343', 6),
('9780393327343', 7),
('9780393327343', 8),

-- For ISBN 9780385752112 (7 copies)
('9780385752112', 1),
('9780385752112', 2),
('9780385752112', 3),
('9780385752112', 4),
('9780385752112', 5),
('9780385752112', 6),
('9780385752112', 7),

-- For ISBN 9780679601748 (4 copies)
('9780679601748', 1),
('9780679601748', 2),
('9780679601748', 3),
('9780679601748', 4),

-- For ISBN 9781501128036 (5 copies)
('9781501128036', 1),
('9781501128036', 2),
('9781501128036', 3),
('9781501128036', 4),
('9781501128036', 5),

-- For ISBN 9780385490819 (6 copies)
('9780385490819', 1),
('9780385490819', 2),
('9780385490819', 3),
('9780385490819', 4),
('9780385490819', 5),
('9780385490819', 6),

-- For ISBN 9780439023529 (5 copies)
('9780439023529', 1),
('9780439023529', 2),
('9780439023529', 3),
('9780439023529', 4),
('9780439023529', 5),

-- For ISBN 9780399171945 (4 copies)
('9780399171945', 1),
('9780399171945', 2),
('9780399171945', 3),
('9780399171945', 4),

-- For ISBN 9781447275558 (8 copies)
('9781447275558', 1),
('9781447275558', 2),
('9781447275558', 3),
('9781447275558', 4),
('9781447275558', 5),
('9781447275558', 6),
('9781447275558', 7),
('9781447275558', 8),

-- For ISBN 9781406393192 (5 copies)
('9781406393192', 1),
('9781406393192', 2),
('9781406393192', 3),
('9781406393192', 4),
('9781406393192', 5),

-- For ISBN 9781451696574 (6 copies)
('9781451696574', 1),
('9781451696574', 2),
('9781451696574', 3),
('9781451696574', 4),
('9781451696574', 5),
('9781451696574', 6),

-- For ISBN 9780679735093 (7 copies)
('9780679735093', 1),
('9780679735093', 2),
('9780679735093', 3),
('9780679735093', 4),
('9780679735093', 5),
('9780679735093', 6),
('9780679735093', 7),

-- For ISBN 9780451531369 (4 copies)
('9780451531369', 1),
('9780451531369', 2),
('9780451531369', 3),
('9780451531369', 4),

-- For ISBN 9780670060929 (5 copies)
('9780670060929', 1),
('9780670060929', 2),
('9780670060929', 3),
('9780670060929', 4),
('9780670060929', 5),

-- For ISBN 9780345803515 (5 copies)
('9780345803515', 1),
('9780345803515', 2),
('9780345803515', 3),
('9780345803515', 4),
('9780345803515', 5),

-- For ISBN 9780393249306 (6 copies)
('9780393249306', 1),
('9780393249306', 2),
('9780393249306', 3),
('9780393249306', 4),
('9780393249306', 5),
('9780393249306', 6),

-- For ISBN 9780143126569 (9 copies)
('9780143126569', 1),
('9780143126569', 2),
('9780143126569', 3),
('9780143126569', 4),
('9780143126569', 5),
('9780143126569', 6),
('9780143126569', 7),
('9780143126569', 8),
('9780143126569', 9),

-- For ISBN 9780199650726 (10 copies)
('9780199650726', 1),
('9780199650726', 2),
('9780199650726', 3),
('9780199650726', 4),
('9780199650726', 5),
('9780199650726', 6),
('9780199650726', 7),
('9780199650726', 8),
('9780199650726', 9),
('9780199650726', 10),

-- For ISBN 9780393071548 (7 copies)
('9780393071548', 1),
('9780393071548', 2),
('9780393071548', 3),
('9780393071548', 4),
('9780393071548', 5),
('9780393071548', 6),
('9780393071548', 7),

-- For ISBN 9780307389648 (5 copies)
('9780307389648', 1),
('9780307389648', 2),
('9780307389648', 3),
('9780307389648', 4),
('9780307389648', 5),

-- For ISBN 9780316235456 (5 copies)
('9780316235456', 1),
('9780316235456', 2),
('9780316235456', 3),
('9780316235456', 4),
('9780316235456', 5),

-- For ISBN 9780226336772 (6 copies)
('9780226336772', 1),
('9780226336772', 2),
('9780226336772', 3),
('9780226336772', 4),
('9780226336772', 5),
('9780226336772', 6),

-- For ISBN 9780399169159 (3 copies)
('9780399169159', 1),
('9780399169159', 2),
('9780399169159', 3);